job_key,company,title,location,department,urls,date_posted,first_seen,first_seen_pt,track,scored,score_method,experience_score,reason,emailed,source_uids
Allen Control Systems:af80854b-fd95-4d9b-9a58-e621940c7308,Allen Control Systems,ACS Mechanical Onsite Hiring Day - 8/8/2026,"Austin, TX",Manufacturing,https://jobs.ashbyhq.com/allen-control-systems/af80854b-fd95-4d9b-9a58-e621940c7308,2026-08-04T14:47:14.662+00:00,2026-08-05T09:59:45+00:00,2026-08-05 02:59 Wed,,false,,,,false,ashby:Allen Control Systems:af80854b-fd95-4d9b-9a58-e621940c7308
Allen Control Systems:c68d402a-5212-4b0d-a46e-2e29693341ea,Allen Control Systems,Advanced Drone Operator,"Austin, TX",Mission Ops,https://jobs.ashbyhq.com/allen-control-systems/c68d402a-5212-4b0d-a46e-2e29693341ea,2025-11-03T22:06:18.502+00:00,2026-08-05T09:59:45+00:00,2026-08-05 02:59 Wed,,false,,,,false,ashby:Allen Control Systems:c68d402a-5212-4b0d-a46e-2e29693341ea
Allen Control Systems:c9cd9500-986f-4248-85a2-3654ee9dbe7d,Allen Control Systems,Associate Production Planner,"Austin, TX",Manufacturing,https://jobs.ashbyhq.com/allen-control-systems/c9cd9500-986f-4248-85a2-3654ee9dbe7d,2026-07-17T15:33:29.506+00:00,2026-08-05T09:59:45+00:00,2026-08-05 02:59 Wed,,false,,,,false,ashby:Allen Control Systems:c9cd9500-986f-4248-85a2-3654ee9dbe7d
Allen Control Systems:acdae127-9d53-4450-a99e-e8d558dfd7a4,Allen Control Systems,Chief CV/ML Engineer,"Austin, TX",Engineering,https://jobs.ashbyhq.com/allen-control-systems/acdae127-9d53-4450-a99e-e8d558dfd7a4,2026-08-06T16:12:50.649+00:00,2026-08-06T16:46:51+00:00,2026-08-06 09:46 Thu,Computer Vision,true,CLI,18,"Strong computer vision, machine learning, Python/C++, and real-time detection experience, but the candidate lacks the required 15+ years, chief/principal-level architecture ownership, senior leadership, defense/autonomy deployment, and fielded safety-critical systems experience.",true,ashby:Allen Control Systems:acdae127-9d53-4450-a99e-e8d558dfd7a4
Allen Control Systems:de2c55bd-a5d1-4cec-b9fc-b8ab429f0488,Allen Control Systems,Chief Mechanical Engineer ,"Austin, TX",Engineering,https://jobs.ashbyhq.com/allen-control-systems/de2c55bd-a5d1-4cec-b9fc-b8ab429f0488,2026-06-16T21:21:10.469+00:00,2026-08-05T09:59:45+00:00,2026-08-05 02:59 Wed,,false,,,,false,ashby:Allen Control Systems:de2c55bd-a5d1-4cec-b9fc-b8ab429f0488
Allen Control Systems:bfe2199c-3f1d-4f8f-99d0-fde120c5fb32,Allen Control Systems,CNC Machinist - 2nd/Weekend Shift,"Austin, TX",Manufacturing,https://jobs.ashbyhq.com/allen-control-systems/bfe2199c-3f1d-4f8f-99d0-fde120c5fb32,2026-07-30T14:41:39.317+00:00,2026-08-05T09:59:45+00:00,2026-08-05 02:59 Wed,,false,,,,false,ashby:Allen Control Systems:bfe2199c-3f1d-4f8f-99d0-fde120c5fb32
Allen Control Systems:30b20a1d-112a-4de6-8cff-51d036dbe305,Allen Control Systems,CNC Support Technician ,"Austin, TX",Manufacturing,https://jobs.ashbyhq.com/allen-control-systems/30b20a1d-112a-4de6-8cff-51d036dbe305,2026-02-19T02:14:16.378+00:00,2026-08-05T09:59:45+00:00,2026-08-05 02:59 Wed,,false,,,,false,ashby:Allen Control Systems:30b20a1d-112a-4de6-8cff-51d036dbe305
Allen Control Systems:https://job-boards.greenhouse.io/allencontrolsystems/jobs/4685229008,Allen Control Systems,Computer Vision & Machine Learning - Junior,"Austin, TX",,https://job-boards.greenhouse.io/allencontrolsystems/jobs/4685229008,,2026-07-08T14:36:08+00:00,2026-07-08 07:36 Wed,Computer Vision,true,,82,"The title is directly computer vision and machine learning focused, and the candidate has strong matching CV experience in detection, segmentation, PyTorch, OpenCV, YOLO, and medical imaging, with seniority likely above a junior role.",true,speedyapply:SpeedyApply AI:https://job-boards.greenhouse.io/allencontrolsystems/jobs/4685229008
Allen Control Systems:8a142822-4c1c-4845-a1b6-36c2aeeee672,Allen Control Systems,Computer Vision & Machine Learning Engineer - All Levels,"Austin, TX",Engineering,https://jobs.ashbyhq.com/allen-control-systems/8a142822-4c1c-4845-a1b6-36c2aeeee672,2025-05-14T16:26:20.085+00:00,2026-08-05T09:59:45+00:00,2026-08-05 02:59 Wed,,false,,,,false,ashby:Allen Control Systems:8a142822-4c1c-4845-a1b6-36c2aeeee672
Allen Control Systems:https://jobs.ashbyhq.com/allen-control-systems/cfb348d0-ab31-4fa5-9bd5-def1de764ca9,Allen Control Systems,"Computer Vision & Machine Learning, Associate","Austin, TX",Engineering,https://jobs.ashbyhq.com/allen-control-systems/cfb348d0-ab31-4fa5-9bd5-def1de764ca9,2026-06-02T16:41:03.770+00:00,2026-07-07T05:59:38+00:00,2026-07-06 22:59 Mon,,false,,,,false,speedyapply:SpeedyApply AI:https://jobs.ashbyhq.com/allen-control-systems/cfb348d0-ab31-4fa5-9bd5-def1de764ca9|speedyapply:SpeedyApply AI:cfb348d0-ab31-4fa5-9bd5-def1de764ca9|ashby:Allen Control Systems:cfb348d0-ab31-4fa5-9bd5-def1de764ca9
Allen Control Systems:db264942-d6ac-4f81-91e1-05c539b4a318,Allen Control Systems,CV/ML Engineering Manager,"Austin, TX",Engineering,https://jobs.ashbyhq.com/allen-control-systems/db264942-d6ac-4f81-91e1-05c539b4a318,2026-08-06T16:16:23.494+00:00,2026-08-06T16:46:51+00:00,2026-08-06 09:46 Thu,Computer Vision,true,CLI,18,"The candidate has relevant computer vision, machine learning, Python/C++, and limited technical leadership experience, but falls far short of the required 10+ years, formal management, roadmap ownership, robotics/defense deployment, real-time safety-critical systems, and hardware integration background.",true,ashby:Allen Control Systems:db264942-d6ac-4f81-91e1-05c539b4a318
Allen Control Systems:86b36304-8509-46a3-a6bd-0c7b8fb936ac,Allen Control Systems,CV/ML Platform Engineer ,"Austin, TX",Engineering,https://jobs.ashbyhq.com/allen-control-systems/86b36304-8509-46a3-a6bd-0c7b8fb936ac,2026-03-20T15:28:14.056+00:00,2026-08-05T09:59:45+00:00,2026-08-05 02:59 Wed,,false,,,,false,ashby:Allen Control Systems:86b36304-8509-46a3-a6bd-0c7b8fb936ac
Allen Control Systems:aaa07ddb-6053-462c-b696-94429184c502,Allen Control Systems,Data Analyst - Supply Chain,"Pflugerville, TX",Supply Chain,https://jobs.ashbyhq.com/allen-control-systems/aaa07ddb-6053-462c-b696-94429184c502,2026-08-04T21:11:49.565+00:00,2026-08-05T09:59:45+00:00,2026-08-05 02:59 Wed,,false,,,,false,ashby:Allen Control Systems:aaa07ddb-6053-462c-b696-94429184c502
Allen Control Systems:726f3fa4-1ceb-4ea8-990b-f1b350c4f881,Allen Control Systems,Deputy Director of Manufacturing,"Pflugerville, TX",Manufacturing,https://jobs.ashbyhq.com/allen-control-systems/726f3fa4-1ceb-4ea8-990b-f1b350c4f881,2026-08-17T22:52:59.542+00:00,2026-08-17T22:59:32+00:00,2026-08-17 15:59 Mon,,false,,,,false,ashby:Allen Control Systems:726f3fa4-1ceb-4ea8-990b-f1b350c4f881
Allen Control Systems:3a72db7e-6cd1-4a29-aab9-9d05afc8f87b,Allen Control Systems,Digital Power Electronics Firmware Engineer,"Austin, TX",Engineering,https://jobs.ashbyhq.com/allen-control-systems/3a72db7e-6cd1-4a29-aab9-9d05afc8f87b,2026-06-16T15:31:02.229+00:00,2026-08-05T09:59:45+00:00,2026-08-05 02:59 Wed,,false,,,,false,ashby:Allen Control Systems:3a72db7e-6cd1-4a29-aab9-9d05afc8f87b
Allen Control Systems:dde5a771-08ac-4ceb-bc26-05a4edd7aacc,Allen Control Systems,Director of Accounting,"Austin, TX",Finance,https://jobs.ashbyhq.com/allen-control-systems/dde5a771-08ac-4ceb-bc26-05a4edd7aacc,2026-07-27T16:18:14.331+00:00,2026-08-05T09:59:45+00:00,2026-08-05 02:59 Wed,,false,,,,false,ashby:Allen Control Systems:dde5a771-08ac-4ceb-bc26-05a4edd7aacc
Allen Control Systems:819f197a-c171-4e2d-a81f-8094c555568d,Allen Control Systems,Director of Environmental Health & Safety ,"Austin, TX",Manufacturing,https://jobs.ashbyhq.com/allen-control-systems/819f197a-c171-4e2d-a81f-8094c555568d,2026-08-04T20:08:25.220+00:00,2026-08-05T09:59:45+00:00,2026-08-05 02:59 Wed,,false,,,,false,ashby:Allen Control Systems:819f197a-c171-4e2d-a81f-8094c555568d
Allen Control Systems:b593e4f6-3dca-4076-8300-3f8cbb460ee2,Allen Control Systems,Director of Quality,"Pflugerville, TX",Manufacturing,https://jobs.ashbyhq.com/allen-control-systems/b593e4f6-3dca-4076-8300-3f8cbb460ee2,2026-07-31T18:39:01.438+00:00,2026-08-05T09:59:45+00:00,2026-08-05 02:59 Wed,,false,,,,false,ashby:Allen Control Systems:b593e4f6-3dca-4076-8300-3f8cbb460ee2
Allen Control Systems:b0a310fc-c5af-41de-ac1e-b0cae0a2f190,Allen Control Systems,Director of Test Operations,"Austin, TX",Operations,https://jobs.ashbyhq.com/allen-control-systems/b0a310fc-c5af-41de-ac1e-b0cae0a2f190,2026-07-17T22:02:14.596+00:00,2026-08-05T09:59:45+00:00,2026-08-05 02:59 Wed,,false,,,,false,ashby:Allen Control Systems:b0a310fc-c5af-41de-ac1e-b0cae0a2f190
Allen Control Systems:d77d639b-f441-4213-aa26-bbc434af5b12,Allen Control Systems,"Director, Manufacturing Finance","Austin, TX",Finance,https://jobs.ashbyhq.com/allen-control-systems/d77d639b-f441-4213-aa26-bbc434af5b12,2026-08-11T22:43:47.993+00:00,2026-08-11T22:57:46+00:00,2026-08-11 15:57 Tue,,false,,,,false,ashby:Allen Control Systems:d77d639b-f441-4213-aa26-bbc434af5b12
Allen Control Systems:da39e51a-d9d7-435b-b131-4b76aa110043,Allen Control Systems,"Electrical Engineer, Wire Harness & Electrical Integration","Austin, TX",Engineering,https://jobs.ashbyhq.com/allen-control-systems/da39e51a-d9d7-435b-b131-4b76aa110043,2026-07-20T19:36:41.826+00:00,2026-08-05T09:59:45+00:00,2026-08-05 02:59 Wed,,false,,,,false,ashby:Allen Control Systems:da39e51a-d9d7-435b-b131-4b76aa110043
Allen Control Systems:cac22e42-22a1-46c7-bf93-5566b8310e01,Allen Control Systems,Electrical Engineer-All Levels ,"Austin, TX",Engineering,https://jobs.ashbyhq.com/allen-control-systems/cac22e42-22a1-46c7-bf93-5566b8310e01,2026-07-20T20:18:52.644+00:00,2026-08-05T09:59:45+00:00,2026-08-05 02:59 Wed,,false,,,,false,ashby:Allen Control Systems:cac22e42-22a1-46c7-bf93-5566b8310e01
Allen Control Systems:1c0e859b-e24e-4aae-b68d-ae2ac26e8015,Allen Control Systems,Electrical Engineering Manager,"Austin, TX",Engineering,https://jobs.ashbyhq.com/allen-control-systems/1c0e859b-e24e-4aae-b68d-ae2ac26e8015,2026-07-07T13:50:29.599+00:00,2026-08-05T09:59:45+00:00,2026-08-05 02:59 Wed,,false,,,,false,ashby:Allen Control Systems:1c0e859b-e24e-4aae-b68d-ae2ac26e8015
Allen Control Systems:6cdb4a25-e2cf-4e9f-b541-114756d3d726,Allen Control Systems,Electro-Optical & Infrared (EO/IR) Engineer,"Austin, TX",Engineering,https://jobs.ashbyhq.com/allen-control-systems/6cdb4a25-e2cf-4e9f-b541-114756d3d726,2026-05-13T20:14:41.292+00:00,2026-08-05T09:59:45+00:00,2026-08-05 02:59 Wed,,false,,,,false,ashby:Allen Control Systems:6cdb4a25-e2cf-4e9f-b541-114756d3d726
Allen Control Systems:1f34d2aa-5629-47dc-ba9a-9d263c315bb8,Allen Control Systems,Electronics Assembly Technician,"Austin, TX",Manufacturing,https://jobs.ashbyhq.com/allen-control-systems/1f34d2aa-5629-47dc-ba9a-9d263c315bb8,2026-04-29T23:15:51.296+00:00,2026-08-05T09:59:45+00:00,2026-08-05 02:59 Wed,,false,,,,false,ashby:Allen Control Systems:1f34d2aa-5629-47dc-ba9a-9d263c315bb8
Allen Control Systems:cdc2d563-3f14-4c38-a916-c3b5052c5baa,Allen Control Systems,Electronics Technician,"Austin, TX",Engineering,https://jobs.ashbyhq.com/allen-control-systems/cdc2d563-3f14-4c38-a916-c3b5052c5baa,2026-04-29T02:47:33.301+00:00,2026-08-05T09:59:45+00:00,2026-08-05 02:59 Wed,,false,,,,false,ashby:Allen Control Systems:cdc2d563-3f14-4c38-a916-c3b5052c5baa
Allen Control Systems:6796ea1a-b981-42ab-b7b1-44aaf441e388,Allen Control Systems,Electronics Thermal Engineer,"Austin, TX",Engineering,https://jobs.ashbyhq.com/allen-control-systems/6796ea1a-b981-42ab-b7b1-44aaf441e388,2026-05-12T19:45:03.951+00:00,2026-08-05T09:59:45+00:00,2026-08-05 02:59 Wed,,false,,,,false,ashby:Allen Control Systems:6796ea1a-b981-42ab-b7b1-44aaf441e388
Allen Control Systems:ad9baaab-496a-44e1-a5b0-ab991ed32f5f,Allen Control Systems,Embedded Software Engineer,"Austin, TX",Engineering,https://jobs.ashbyhq.com/allen-control-systems/ad9baaab-496a-44e1-a5b0-ab991ed32f5f,2025-10-03T19:14:02.006+00:00,2026-08-05T09:59:45+00:00,2026-08-05 02:59 Wed,,false,,,,false,ashby:Allen Control Systems:ad9baaab-496a-44e1-a5b0-ab991ed32f5f
Allen Control Systems:a4ab772a-eb79-4a8e-8378-fdadbc69692c,Allen Control Systems,Employee Experience Specialist,"Austin, TX",People & Culture,https://jobs.ashbyhq.com/allen-control-systems/a4ab772a-eb79-4a8e-8378-fdadbc69692c,2026-07-14T20:41:37.335+00:00,2026-08-05T09:59:45+00:00,2026-08-05 02:59 Wed,,false,,,,false,ashby:Allen Control Systems:a4ab772a-eb79-4a8e-8378-fdadbc69692c
Allen Control Systems:ed69e35a-b3fe-490c-a542-ea43d2d75b3a,Allen Control Systems,Firmware Engineer,"Mountain View, CA",Engineering,https://jobs.ashbyhq.com/allen-control-systems/ed69e35a-b3fe-490c-a542-ea43d2d75b3a,2026-08-02T22:03:27.378+00:00,2026-08-05T09:59:45+00:00,2026-08-05 02:59 Wed,,false,,,,false,ashby:Allen Control Systems:ed69e35a-b3fe-490c-a542-ea43d2d75b3a
Allen Control Systems:b1e1086c-fee5-4e92-a2de-228a89d0e847,Allen Control Systems,Flight Dynamics Controls Engineer,"San Francisco, CA",Engineering,https://jobs.ashbyhq.com/allen-control-systems/b1e1086c-fee5-4e92-a2de-228a89d0e847,2026-08-13T20:16:24.172+00:00,2026-08-13T20:41:47+00:00,2026-08-13 13:41 Thu,Computer Vision,true,CLI,12,"The candidate has strong Python/C++ computer vision and software experience, but lacks demonstrated aeronautics, fixed-wing flight dynamics, classical control design, system identification, guidance, or flight-testing experience required for this role.",false,ashby:Allen Control Systems:b1e1086c-fee5-4e92-a2de-228a89d0e847
Allen Control Systems:90689df4-3728-4576-a494-dd39bbaa0e1b,Allen Control Systems,Flight Test Engineer & Pilot,"San Francisco, CA",Engineering,https://jobs.ashbyhq.com/allen-control-systems/90689df4-3728-4576-a494-dd39bbaa0e1b,2026-07-17T21:25:17.173+00:00,2026-08-05T09:59:45+00:00,2026-08-05 02:59 Wed,,false,,,,false,ashby:Allen Control Systems:90689df4-3728-4576-a494-dd39bbaa0e1b
Allen Control Systems:24cdafeb-ca98-4673-8bc8-bfc83dfe2095,Allen Control Systems,FP&A Manager,"Austin, TX",Finance,https://jobs.ashbyhq.com/allen-control-systems/24cdafeb-ca98-4673-8bc8-bfc83dfe2095,2026-08-11T22:54:14.236+00:00,2026-08-11T22:57:46+00:00,2026-08-11 15:57 Tue,,false,,,,false,ashby:Allen Control Systems:24cdafeb-ca98-4673-8bc8-bfc83dfe2095
Allen Control Systems:8d9cd17d-8f4c-4b1d-a066-040d7b40b1d1,Allen Control Systems,General Opportunities ,"Austin, TX",Legal,https://jobs.ashbyhq.com/allen-control-systems/8d9cd17d-8f4c-4b1d-a066-040d7b40b1d1,2025-01-30T22:24:12.986+00:00,2026-08-05T09:59:45+00:00,2026-08-05 02:59 Wed,,false,,,,false,ashby:Allen Control Systems:8d9cd17d-8f4c-4b1d-a066-040d7b40b1d1
Allen Control Systems:fc218161-f4a8-4921-b50f-faabd70fd356,Allen Control Systems,Inventory Control Clerk - Mission Ops ,"Austin, TX",Supply Chain,https://jobs.ashbyhq.com/allen-control-systems/fc218161-f4a8-4921-b50f-faabd70fd356,2026-07-17T20:57:28.743+00:00,2026-08-05T09:59:45+00:00,2026-08-05 02:59 Wed,,false,,,,false,ashby:Allen Control Systems:fc218161-f4a8-4921-b50f-faabd70fd356
Allen Control Systems:62d95308-4400-4c2b-b2b1-973f43f8ee5c,Allen Control Systems,Inventory Control Manager,"Pflugerville, TX",Supply Chain,https://jobs.ashbyhq.com/allen-control-systems/62d95308-4400-4c2b-b2b1-973f43f8ee5c,2026-08-11T16:09:07.507+00:00,2026-08-11T16:17:40+00:00,2026-08-11 09:17 Tue,,false,,,,false,ashby:Allen Control Systems:62d95308-4400-4c2b-b2b1-973f43f8ee5c
Allen Control Systems:54fe18db-3e7b-49f1-ba94-28ce15be2840,Allen Control Systems,IT Help Desk Engineer,"Austin, TX",Operations,https://jobs.ashbyhq.com/allen-control-systems/54fe18db-3e7b-49f1-ba94-28ce15be2840,2026-04-15T20:27:10.679+00:00,2026-08-05T09:59:45+00:00,2026-08-05 02:59 Wed,,false,,,,false,ashby:Allen Control Systems:54fe18db-3e7b-49f1-ba94-28ce15be2840
Allen Control Systems:8a1e0bdb-e7d1-4873-be56-b60f71dc43dd,Allen Control Systems,Logistics Lead - Mission Ops,"Austin, TX",Supply Chain,https://jobs.ashbyhq.com/allen-control-systems/8a1e0bdb-e7d1-4873-be56-b60f71dc43dd,2026-06-30T21:07:55.376+00:00,2026-08-05T09:59:45+00:00,2026-08-05 02:59 Wed,,false,,,,false,ashby:Allen Control Systems:8a1e0bdb-e7d1-4873-be56-b60f71dc43dd
Allen Control Systems:13fb1d8e-0213-498a-9cc1-9334c474a680,Allen Control Systems,Logistics Manager,"Austin, TX",Supply Chain,https://jobs.ashbyhq.com/allen-control-systems/13fb1d8e-0213-498a-9cc1-9334c474a680,2026-08-05T18:14:21.140+00:00,2026-08-05T18:41:57+00:00,2026-08-05 11:41 Wed,,false,,,,false,ashby:Allen Control Systems:13fb1d8e-0213-498a-9cc1-9334c474a680
Allen Control Systems:989221f7-8003-49a2-9c38-7ce0e5aa4e28,Allen Control Systems,Manufacturing Engineer - Electrical  ,"Austin, TX",Manufacturing,https://jobs.ashbyhq.com/allen-control-systems/989221f7-8003-49a2-9c38-7ce0e5aa4e28,2026-06-10T20:00:10.550+00:00,2026-08-05T09:59:45+00:00,2026-08-05 02:59 Wed,,false,,,,false,ashby:Allen Control Systems:989221f7-8003-49a2-9c38-7ce0e5aa4e28
Allen Control Systems:7063b5d1-40ed-4739-b443-ee32269ac41e,Allen Control Systems,Manufacturing Engineer - Mechanical,"Austin, TX",Manufacturing,https://jobs.ashbyhq.com/allen-control-systems/7063b5d1-40ed-4739-b443-ee32269ac41e,2026-04-22T22:33:22.435+00:00,2026-08-05T09:59:45+00:00,2026-08-05 02:59 Wed,,false,,,,false,ashby:Allen Control Systems:7063b5d1-40ed-4739-b443-ee32269ac41e
Allen Control Systems:2a55c36a-a9b3-4b14-a912-9ecdaaaa0bce,Allen Control Systems,Manufacturing Engineering Manager ,"Austin, TX",Manufacturing,https://jobs.ashbyhq.com/allen-control-systems/2a55c36a-a9b3-4b14-a912-9ecdaaaa0bce,2026-07-14T14:57:39.911+00:00,2026-08-05T09:59:45+00:00,2026-08-05 02:59 Wed,,false,,,,false,ashby:Allen Control Systems:2a55c36a-a9b3-4b14-a912-9ecdaaaa0bce
Allen Control Systems:01d7465e-8931-4488-a61e-dcb7091d87a3,Allen Control Systems,Mechanical Assembly Technician ,"Austin, TX",Manufacturing,https://jobs.ashbyhq.com/allen-control-systems/01d7465e-8931-4488-a61e-dcb7091d87a3,2026-07-07T11:38:02.828+00:00,2026-08-05T09:59:45+00:00,2026-08-05 02:59 Wed,,false,,,,false,ashby:Allen Control Systems:01d7465e-8931-4488-a61e-dcb7091d87a3
Allen Control Systems:1c13e222-2d72-4c75-ae63-0e9c54bb0b5e,Allen Control Systems,Mechanical Assembly Technician  - 2nd Shift,"Austin, TX",Manufacturing,https://jobs.ashbyhq.com/allen-control-systems/1c13e222-2d72-4c75-ae63-0e9c54bb0b5e,2026-07-07T19:08:56.168+00:00,2026-08-05T09:59:45+00:00,2026-08-05 02:59 Wed,,false,,,,false,ashby:Allen Control Systems:1c13e222-2d72-4c75-ae63-0e9c54bb0b5e
Allen Control Systems:1fe7875f-d2e8-474a-947e-8c016befc29b,Allen Control Systems,Mechanical Drafter,"Austin, TX",Engineering,https://jobs.ashbyhq.com/allen-control-systems/1fe7875f-d2e8-474a-947e-8c016befc29b,2026-07-24T13:52:23.066+00:00,2026-08-05T09:59:45+00:00,2026-08-05 02:59 Wed,,false,,,,false,ashby:Allen Control Systems:1fe7875f-d2e8-474a-947e-8c016befc29b
Allen Control Systems:3f71ede3-185a-4782-86a9-ebf1e9f55cc6,Allen Control Systems,"Mechanical Engineer, Associate ","Austin, TX",Engineering,https://jobs.ashbyhq.com/allen-control-systems/3f71ede3-185a-4782-86a9-ebf1e9f55cc6,2026-05-05T01:01:28.597+00:00,2026-08-05T09:59:45+00:00,2026-08-05 02:59 Wed,,false,,,,false,ashby:Allen Control Systems:3f71ede3-185a-4782-86a9-ebf1e9f55cc6
Allen Control Systems:e01563e6-6ccb-40a7-bde7-5276f8aefd56,Allen Control Systems,"Mechanical Engineer, Senior","Austin, TX",Engineering,https://jobs.ashbyhq.com/allen-control-systems/e01563e6-6ccb-40a7-bde7-5276f8aefd56,2026-05-28T15:17:54.340+00:00,2026-08-05T09:59:45+00:00,2026-08-05 02:59 Wed,,false,,,,false,ashby:Allen Control Systems:e01563e6-6ccb-40a7-bde7-5276f8aefd56
Allen Control Systems:9954b249-f3fb-45bf-aaa1-dc3a567c1803,Allen Control Systems,"Mechanical Engineer, Staff","Austin, TX",Engineering,https://jobs.ashbyhq.com/allen-control-systems/9954b249-f3fb-45bf-aaa1-dc3a567c1803,2026-05-29T02:46:31.902+00:00,2026-08-05T09:59:45+00:00,2026-08-05 02:59 Wed,,false,,,,false,ashby:Allen Control Systems:9954b249-f3fb-45bf-aaa1-dc3a567c1803
Allen Control Systems:59c1bd9d-5209-49fb-a405-66b172a91473,Allen Control Systems,Mechanical Engineering Manager,"Austin, TX",Engineering,https://jobs.ashbyhq.com/allen-control-systems/59c1bd9d-5209-49fb-a405-66b172a91473,2026-07-31T14:08:49.947+00:00,2026-08-05T09:59:45+00:00,2026-08-05 02:59 Wed,,false,,,,false,ashby:Allen Control Systems:59c1bd9d-5209-49fb-a405-66b172a91473
Allen Control Systems:2718ea7d-3f23-4f9f-a611-e6b9a4ed76c4,Allen Control Systems,Mechanical Technician ,"Austin, TX",Engineering,https://jobs.ashbyhq.com/allen-control-systems/2718ea7d-3f23-4f9f-a611-e6b9a4ed76c4,2026-03-10T17:15:30.449+00:00,2026-08-05T09:59:45+00:00,2026-08-05 02:59 Wed,,false,,,,false,ashby:Allen Control Systems:2718ea7d-3f23-4f9f-a611-e6b9a4ed76c4
Allen Control Systems:ab20504d-0d28-45dc-af2e-5ab953ba8bf3,Allen Control Systems,Mission Operations Engineer,"Austin, TX",Mission Ops,https://jobs.ashbyhq.com/allen-control-systems/ab20504d-0d28-45dc-af2e-5ab953ba8bf3,2026-05-07T13:18:20.734+00:00,2026-08-05T09:59:45+00:00,2026-08-05 02:59 Wed,,false,,,,false,ashby:Allen Control Systems:ab20504d-0d28-45dc-af2e-5ab953ba8bf3
Allen Control Systems:d238b0a4-7045-49c8-98e9-c1249c01fc60,Allen Control Systems,Motor Drive Firmware Engineer-All Levels,"Austin, TX",Engineering,https://jobs.ashbyhq.com/allen-control-systems/d238b0a4-7045-49c8-98e9-c1249c01fc60,2026-07-20T20:23:26.940+00:00,2026-08-05T09:59:45+00:00,2026-08-05 02:59 Wed,,false,,,,false,ashby:Allen Control Systems:d238b0a4-7045-49c8-98e9-c1249c01fc60
Allen Control Systems:da54bed1-3abc-4fe4-9cc1-ea7f02be8795,Allen Control Systems,NetSuite Administrator,"Austin, TX",Operations,https://jobs.ashbyhq.com/allen-control-systems/da54bed1-3abc-4fe4-9cc1-ea7f02be8795,2026-07-30T17:19:20.168+00:00,2026-08-05T09:59:45+00:00,2026-08-05 02:59 Wed,,false,,,,false,ashby:Allen Control Systems:da54bed1-3abc-4fe4-9cc1-ea7f02be8795
Allen Control Systems:ce887f47-c15f-42fd-81f8-d7f8b9f05adf,Allen Control Systems,Office Manager - Mountain View,"Mountain View, CA",Operations,https://jobs.ashbyhq.com/allen-control-systems/ce887f47-c15f-42fd-81f8-d7f8b9f05adf,2026-08-14T19:33:15.987+00:00,2026-08-14T19:42:07+00:00,2026-08-14 12:42 Fri,Computer Vision,true,CLI,5,"The candidate has strong technical engineering experience but lacks the required office management, workplace operations, manufacturing/defense administration, vendor coordination, and 7+ years of relevant experience.",false,ashby:Allen Control Systems:ce887f47-c15f-42fd-81f8-d7f8b9f05adf
Allen Control Systems:eb6846cb-d07e-4f92-9a19-30ba292e8e68,Allen Control Systems,Office Manager - North Austin,"Pflugerville, TX",Operations,https://jobs.ashbyhq.com/allen-control-systems/eb6846cb-d07e-4f92-9a19-30ba292e8e68,2026-08-14T19:32:44.639+00:00,2026-08-14T19:42:07+00:00,2026-08-14 12:42 Fri,Computer Vision,true,CLI,3,"The candidate has strong computer vision and software engineering experience but lacks the required 7+ years of office management, workplace operations, administrative support, manufacturing coordination, and logistics experience.",false,ashby:Allen Control Systems:eb6846cb-d07e-4f92-9a19-30ba292e8e68
Allen Control Systems:0aeaa578-5cc1-41a2-a7de-5a2e4ca9bb27,Allen Control Systems,Operations Technician ,"Austin, TX",Mission Ops,https://jobs.ashbyhq.com/allen-control-systems/0aeaa578-5cc1-41a2-a7de-5a2e4ca9bb27,2026-03-31T01:56:16.096+00:00,2026-08-05T09:59:45+00:00,2026-08-05 02:59 Wed,,false,,,,false,ashby:Allen Control Systems:0aeaa578-5cc1-41a2-a7de-5a2e4ca9bb27
Allen Control Systems:bf425b49-d627-4a2d-8916-b2ff418488c4,Allen Control Systems,"Platform Engineer, Data","Austin, TX",Engineering,https://jobs.ashbyhq.com/allen-control-systems/bf425b49-d627-4a2d-8916-b2ff418488c4,2026-03-06T19:54:41.562+00:00,2026-08-05T09:59:45+00:00,2026-08-05 02:59 Wed,,false,,,,false,ashby:Allen Control Systems:bf425b49-d627-4a2d-8916-b2ff418488c4
Allen Control Systems:d58b7a40-797e-4baf-b7c1-8243eeb7588a,Allen Control Systems,Power Electronics Engineer-All Levels,"Austin, TX",Engineering,https://jobs.ashbyhq.com/allen-control-systems/d58b7a40-797e-4baf-b7c1-8243eeb7588a,2026-07-20T20:21:14.004+00:00,2026-08-05T09:59:45+00:00,2026-08-05 02:59 Wed,,false,,,,false,ashby:Allen Control Systems:d58b7a40-797e-4baf-b7c1-8243eeb7588a
Allen Control Systems:9bca9acc-a266-48c5-8b68-3c6af17d5a5a,Allen Control Systems,Production Manager - Electrical Components ,"Austin, TX",Manufacturing,https://jobs.ashbyhq.com/allen-control-systems/9bca9acc-a266-48c5-8b68-3c6af17d5a5a,2026-07-06T16:33:24.776+00:00,2026-08-05T09:59:45+00:00,2026-08-05 02:59 Wed,,false,,,,false,ashby:Allen Control Systems:9bca9acc-a266-48c5-8b68-3c6af17d5a5a
Allen Control Systems:d541711d-14d8-4ad6-9a4f-4dfa16c037fc,Allen Control Systems,Production Planner,"Austin, TX",Manufacturing,https://jobs.ashbyhq.com/allen-control-systems/d541711d-14d8-4ad6-9a4f-4dfa16c037fc,2026-02-19T02:27:33.581+00:00,2026-08-05T09:59:45+00:00,2026-08-05 02:59 Wed,,false,,,,false,ashby:Allen Control Systems:d541711d-14d8-4ad6-9a4f-4dfa16c037fc
Allen Control Systems:ae21e87d-a3e8-4d27-80ba-6e0e79368cea,Allen Control Systems,Purchasing Manager,"Austin, TX",Supply Chain,https://jobs.ashbyhq.com/allen-control-systems/ae21e87d-a3e8-4d27-80ba-6e0e79368cea,2026-07-08T16:52:19.544+00:00,2026-08-05T09:59:45+00:00,2026-08-05 02:59 Wed,,false,,,,false,ashby:Allen Control Systems:ae21e87d-a3e8-4d27-80ba-6e0e79368cea
Allen Control Systems:5bf4b330-b662-453d-96da-f0d7c9729bb5,Allen Control Systems,Quality Engineer,"Austin, TX",Manufacturing,https://jobs.ashbyhq.com/allen-control-systems/5bf4b330-b662-453d-96da-f0d7c9729bb5,2026-05-13T10:39:57.615+00:00,2026-08-05T09:59:45+00:00,2026-08-05 02:59 Wed,,false,,,,false,ashby:Allen Control Systems:5bf4b330-b662-453d-96da-f0d7c9729bb5
Allen Control Systems:de0ab219-58f5-4c1d-a82e-a8677998d61d,Allen Control Systems,Quality Inspector - Electrical ,"Austin, TX",Manufacturing,https://jobs.ashbyhq.com/allen-control-systems/de0ab219-58f5-4c1d-a82e-a8677998d61d,2026-05-13T10:43:53.318+00:00,2026-08-05T09:59:45+00:00,2026-08-05 02:59 Wed,,false,,,,false,ashby:Allen Control Systems:de0ab219-58f5-4c1d-a82e-a8677998d61d
Allen Control Systems:92d564b0-a27a-44d6-ad24-69f5b0ddbbc2,Allen Control Systems,Quality Inspector - Mechanical ,"Austin, TX",Manufacturing,https://jobs.ashbyhq.com/allen-control-systems/92d564b0-a27a-44d6-ad24-69f5b0ddbbc2,2026-07-16T09:29:55.774+00:00,2026-08-05T09:59:45+00:00,2026-08-05 02:59 Wed,,false,,,,false,ashby:Allen Control Systems:92d564b0-a27a-44d6-ad24-69f5b0ddbbc2
Allen Control Systems:1495f6cd-d667-4352-835b-945c476879d7,Allen Control Systems,Safety Manager,"Austin, TX",Manufacturing,https://jobs.ashbyhq.com/allen-control-systems/1495f6cd-d667-4352-835b-945c476879d7,2026-06-04T18:04:42.919+00:00,2026-08-05T09:59:45+00:00,2026-08-05 02:59 Wed,,false,,,,false,ashby:Allen Control Systems:1495f6cd-d667-4352-835b-945c476879d7
Allen Control Systems:81432d65-373b-49a3-bd0b-fbd2ba9b6580,Allen Control Systems,Senior Computer Vision & Machine Learning Engineer,"Austin, TX",Engineering,https://jobs.ashbyhq.com/allen-control-systems/81432d65-373b-49a3-bd0b-fbd2ba9b6580,2026-07-31T15:48:03.285+00:00,2026-08-05T09:59:45+00:00,2026-08-05 02:59 Wed,,false,,,,false,ashby:Allen Control Systems:81432d65-373b-49a3-bd0b-fbd2ba9b6580
Allen Control Systems:795d84f3-6e22-4ff7-bf51-5a1b09de8998,Allen Control Systems,Senior Director of Sales Operations,Remote,Operations,https://jobs.ashbyhq.com/allen-control-systems/795d84f3-6e22-4ff7-bf51-5a1b09de8998,2026-07-27T17:12:30.985+00:00,2026-08-05T09:59:45+00:00,2026-08-05 02:59 Wed,,false,,,,false,ashby:Allen Control Systems:795d84f3-6e22-4ff7-bf51-5a1b09de8998
Allen Control Systems:e365b418-a6c5-41d7-b0b8-69bfe87e821e,Allen Control Systems,Senior Financial Analyst,"Austin, TX",Finance,https://jobs.ashbyhq.com/allen-control-systems/e365b418-a6c5-41d7-b0b8-69bfe87e821e,2026-08-11T22:13:48.691+00:00,2026-08-11T22:41:42+00:00,2026-08-11 15:41 Tue,,false,,,,false,ashby:Allen Control Systems:e365b418-a6c5-41d7-b0b8-69bfe87e821e
Allen Control Systems:034cbd88-a50f-4e37-a857-94f7dcf762db,Allen Control Systems,Senior HRIS Specialist ,"Austin, TX",People & Culture,https://jobs.ashbyhq.com/allen-control-systems/034cbd88-a50f-4e37-a857-94f7dcf762db,2026-07-29T21:58:38.641+00:00,2026-08-05T09:59:45+00:00,2026-08-05 02:59 Wed,,false,,,,false,ashby:Allen Control Systems:034cbd88-a50f-4e37-a857-94f7dcf762db
Allen Control Systems:bed5e281-054b-47fa-af67-a22d68976d52,Allen Control Systems,Senior Industrial Engineer ,"Austin, TX",Manufacturing,https://jobs.ashbyhq.com/allen-control-systems/bed5e281-054b-47fa-af67-a22d68976d52,2026-05-13T10:40:34.646+00:00,2026-08-05T09:59:45+00:00,2026-08-05 02:59 Wed,,false,,,,false,ashby:Allen Control Systems:bed5e281-054b-47fa-af67-a22d68976d52
Allen Control Systems:6eca9cbe-1a43-4082-91a5-84871e056637,Allen Control Systems,Senior Perception & Tracking Engineer,"Austin, TX",Engineering,https://jobs.ashbyhq.com/allen-control-systems/6eca9cbe-1a43-4082-91a5-84871e056637,2026-04-16T15:32:09.363+00:00,2026-08-05T09:59:45+00:00,2026-08-05 02:59 Wed,,false,,,,false,ashby:Allen Control Systems:6eca9cbe-1a43-4082-91a5-84871e056637
Allen Control Systems:a9424890-1ccd-4fd2-b862-7a72c9e081ea,Allen Control Systems,Shop Technician ,"Austin, TX",Manufacturing,https://jobs.ashbyhq.com/allen-control-systems/a9424890-1ccd-4fd2-b862-7a72c9e081ea,2026-02-19T18:21:19.810+00:00,2026-08-05T09:59:45+00:00,2026-08-05 02:59 Wed,,false,,,,false,ashby:Allen Control Systems:a9424890-1ccd-4fd2-b862-7a72c9e081ea
Allen Control Systems:ea9cfc80-583c-48a9-a719-a17f572c6486,Allen Control Systems,Software Engineer - All Levels ,"Austin, TX",Engineering,https://jobs.ashbyhq.com/allen-control-systems/ea9cfc80-583c-48a9-a719-a17f572c6486,2026-06-11T17:04:16.369+00:00,2026-08-05T09:59:45+00:00,2026-08-05 02:59 Wed,,false,,,,false,ashby:Allen Control Systems:ea9cfc80-583c-48a9-a719-a17f572c6486
Allen Control Systems:8c98b852-1df3-4b2b-975a-cda054ce807f,Allen Control Systems,Software Engineer - Deployment & Fleet Management,"Austin, TX",Engineering,https://jobs.ashbyhq.com/allen-control-systems/8c98b852-1df3-4b2b-975a-cda054ce807f,2026-06-12T19:30:10.906+00:00,2026-08-05T09:59:45+00:00,2026-08-05 02:59 Wed,,false,,,,false,ashby:Allen Control Systems:8c98b852-1df3-4b2b-975a-cda054ce807f
Allen Control Systems:c878297f-ba09-45ce-8475-83ddb7207858,Allen Control Systems,Software Engineer - Mission Systems/Integration,"Austin, TX",Engineering,https://jobs.ashbyhq.com/allen-control-systems/c878297f-ba09-45ce-8475-83ddb7207858,2026-06-12T19:47:53.297+00:00,2026-08-05T09:59:45+00:00,2026-08-05 02:59 Wed,,false,,,,false,ashby:Allen Control Systems:c878297f-ba09-45ce-8475-83ddb7207858
Allen Control Systems:4495957d-f4af-493d-ba92-2c7e72e618db,Allen Control Systems,Software Engineer - Robotics (Motion),"Austin, TX",Engineering,https://jobs.ashbyhq.com/allen-control-systems/4495957d-f4af-493d-ba92-2c7e72e618db,2026-06-12T19:39:57.565+00:00,2026-08-05T09:59:45+00:00,2026-08-05 02:59 Wed,,false,,,,false,ashby:Allen Control Systems:4495957d-f4af-493d-ba92-2c7e72e618db
Allen Control Systems:a9a746a3-556c-4c28-9ee9-707872cacd3c,Allen Control Systems,"Software Engineer, Platform ","San Francisco, CA",Engineering,https://jobs.ashbyhq.com/allen-control-systems/a9a746a3-556c-4c28-9ee9-707872cacd3c,2026-08-17T14:25:47.127+00:00,2026-08-13T20:41:47+00:00,2026-08-13 13:41 Thu,Computer Vision,true,CLI,43,"The candidate has solid C++ and general software engineering experience plus Docker, Linux, testing, and computer-vision/autonomy-adjacent work, but lacks demonstrated CI/CD ownership, CMake, embedded or vehicle deployment, cloud log infrastructure, and software-in-the-loop simulation experience required for this platform role.",false,ashby:Allen Control Systems:a9a746a3-556c-4c28-9ee9-707872cacd3c
Allen Control Systems:e0e7a1c2-3008-438d-9d24-a49683aca0ad,Allen Control Systems,Sr. Embedded Machine Learning Engineer,"Austin, TX",Engineering,https://jobs.ashbyhq.com/allen-control-systems/e0e7a1c2-3008-438d-9d24-a49683aca0ad,2026-07-09T19:04:26.565+00:00,2026-08-05T09:59:45+00:00,2026-08-05 02:59 Wed,,false,,,,false,ashby:Allen Control Systems:e0e7a1c2-3008-438d-9d24-a49683aca0ad
Allen Control Systems:3d06659f-6505-4e2a-b896-fd56fdb8ff11,Allen Control Systems,Sr. Facilities Technician – North Austin ,"Pflugerville, TX",Operations,https://jobs.ashbyhq.com/allen-control-systems/3d06659f-6505-4e2a-b896-fd56fdb8ff11,2026-08-14T19:34:11.338+00:00,2026-08-14T19:42:07+00:00,2026-08-14 12:42 Fri,,false,,,,false,ashby:Allen Control Systems:3d06659f-6505-4e2a-b896-fd56fdb8ff11
Allen Control Systems:58f8b82d-eca1-4133-a794-9db94e253268,Allen Control Systems,Staff Computer Vision & Machine Learning Engineer,"Austin, TX",Engineering,https://jobs.ashbyhq.com/allen-control-systems/58f8b82d-eca1-4133-a794-9db94e253268,2026-06-26T20:47:13.223+00:00,2026-08-05T09:59:45+00:00,2026-08-05 02:59 Wed,,false,,,,false,ashby:Allen Control Systems:58f8b82d-eca1-4133-a794-9db94e253268
Allen Control Systems:67450cf7-c9b9-4b48-b1a2-4ba698f991dc,Allen Control Systems,Staff Software Engineer,"Austin, TX",Engineering,https://jobs.ashbyhq.com/allen-control-systems/67450cf7-c9b9-4b48-b1a2-4ba698f991dc,2026-07-29T14:54:50.308+00:00,2026-08-05T09:59:45+00:00,2026-08-05 02:59 Wed,,false,,,,false,ashby:Allen Control Systems:67450cf7-c9b9-4b48-b1a2-4ba698f991dc
Allen Control Systems:83a5659f-ca79-4eb1-9225-56a1eb1a9762,Allen Control Systems,Supplier Quality Engineer,"Austin, TX",Manufacturing,https://jobs.ashbyhq.com/allen-control-systems/83a5659f-ca79-4eb1-9225-56a1eb1a9762,2026-03-09T17:41:51.965+00:00,2026-08-05T09:59:45+00:00,2026-08-05 02:59 Wed,,false,,,,false,ashby:Allen Control Systems:83a5659f-ca79-4eb1-9225-56a1eb1a9762
Allen Control Systems:797bd230-9553-46a7-88fa-034c6af072cd,Allen Control Systems,Systems Engineer - All Levels,"Austin, TX",Engineering,https://jobs.ashbyhq.com/allen-control-systems/797bd230-9553-46a7-88fa-034c6af072cd,2026-07-20T16:39:42.189+00:00,2026-08-05T09:59:45+00:00,2026-08-05 02:59 Wed,,false,,,,false,ashby:Allen Control Systems:797bd230-9553-46a7-88fa-034c6af072cd
Allen Control Systems:3075ceee-6a85-4170-9ffc-3e2f11697db7,Allen Control Systems,Systems Reliability Engineer - All Levels  ,"Austin, TX",Engineering,https://jobs.ashbyhq.com/allen-control-systems/3075ceee-6a85-4170-9ffc-3e2f11697db7,2026-07-20T16:40:46.806+00:00,2026-08-05T09:59:45+00:00,2026-08-05 02:59 Wed,,false,,,,false,ashby:Allen Control Systems:3075ceee-6a85-4170-9ffc-3e2f11697db7
Allen Control Systems:23b70be8-9f8b-4774-a637-4f4150e48933,Allen Control Systems,Systems Test Engineer - All Levels,"Austin, TX",Engineering,https://jobs.ashbyhq.com/allen-control-systems/23b70be8-9f8b-4774-a637-4f4150e48933,2026-07-20T16:40:18.088+00:00,2026-08-05T09:59:45+00:00,2026-08-05 02:59 Wed,,false,,,,false,ashby:Allen Control Systems:23b70be8-9f8b-4774-a637-4f4150e48933
Allen Control Systems:fca951a2-3743-4a84-978c-490d068355eb,Allen Control Systems,Systems/Software Engineering Manager ,"Austin, TX",Engineering,https://jobs.ashbyhq.com/allen-control-systems/fca951a2-3743-4a84-978c-490d068355eb,2026-07-13T14:24:00.687+00:00,2026-08-05T09:59:45+00:00,2026-08-05 02:59 Wed,,false,,,,false,ashby:Allen Control Systems:fca951a2-3743-4a84-978c-490d068355eb
Allen Control Systems:4b2fd860-3f4b-4c50-bdaa-5bfe627c91d2,Allen Control Systems,Technical Operations Engineer,"Austin, TX",Mission Ops,https://jobs.ashbyhq.com/allen-control-systems/4b2fd860-3f4b-4c50-bdaa-5bfe627c91d2,2026-05-07T14:13:29.801+00:00,2026-08-05T09:59:45+00:00,2026-08-05 02:59 Wed,,false,,,,false,ashby:Allen Control Systems:4b2fd860-3f4b-4c50-bdaa-5bfe627c91d2
Allen Control Systems:91711728-1509-4842-92e0-0c9ef6ab6c7a,Allen Control Systems,"Technical Program Manager, Marine Corps","Austin, TX",Mission Ops,https://jobs.ashbyhq.com/allen-control-systems/91711728-1509-4842-92e0-0c9ef6ab6c7a,2026-07-15T15:28:02.868+00:00,2026-08-05T09:59:45+00:00,2026-08-05 02:59 Wed,,false,,,,false,ashby:Allen Control Systems:91711728-1509-4842-92e0-0c9ef6ab6c7a
Allen Control Systems:676e2506-dc21-4db9-b28e-3034c91cf53a,Allen Control Systems,Technical Recruiter,"Austin, TX",People & Culture,https://jobs.ashbyhq.com/allen-control-systems/676e2506-dc21-4db9-b28e-3034c91cf53a,2026-06-25T18:52:48.809+00:00,2026-08-05T09:59:45+00:00,2026-08-05 02:59 Wed,,false,,,,false,ashby:Allen Control Systems:676e2506-dc21-4db9-b28e-3034c91cf53a
Allen Control Systems:c40aca4a-dfbe-4e7b-8ce7-24a8279a340f,Allen Control Systems,Test Engineer,"Austin, TX",Manufacturing,https://jobs.ashbyhq.com/allen-control-systems/c40aca4a-dfbe-4e7b-8ce7-24a8279a340f,2026-07-24T21:51:28.604+00:00,2026-08-05T09:59:45+00:00,2026-08-05 02:59 Wed,,false,,,,false,ashby:Allen Control Systems:c40aca4a-dfbe-4e7b-8ce7-24a8279a340f
Allen Control Systems:05271caa-a31d-4d4c-b820-e299cf367d2b,Allen Control Systems,Test Integration Engineer,"Austin, TX",Engineering,https://jobs.ashbyhq.com/allen-control-systems/05271caa-a31d-4d4c-b820-e299cf367d2b,2026-02-12T20:04:49.663+00:00,2026-08-05T09:59:45+00:00,2026-08-05 02:59 Wed,,false,,,,false,ashby:Allen Control Systems:05271caa-a31d-4d4c-b820-e299cf367d2b
Allen Control Systems:d7778759-c1ca-4f94-84b0-0d7653d5fe49,Allen Control Systems,Test Operations Engineer,"Austin, TX",Mission Ops,https://jobs.ashbyhq.com/allen-control-systems/d7778759-c1ca-4f94-84b0-0d7653d5fe49,2026-03-30T18:03:18.633+00:00,2026-08-05T09:59:45+00:00,2026-08-05 02:59 Wed,,false,,,,false,ashby:Allen Control Systems:d7778759-c1ca-4f94-84b0-0d7653d5fe49
Allen Control Systems:123939b3-7021-498c-a5e9-e500bedeae80,Allen Control Systems,Test Team Deputy Director,"Austin, TX",Mission Ops,https://jobs.ashbyhq.com/allen-control-systems/123939b3-7021-498c-a5e9-e500bedeae80,2026-06-04T22:50:48.034+00:00,2026-08-05T09:59:45+00:00,2026-08-05 02:59 Wed,,false,,,,false,ashby:Allen Control Systems:123939b3-7021-498c-a5e9-e500bedeae80
